{
  "schema_version": 1,
  "model_type": "decision_tree",
  "trained_on": "sbs-mirror corpus (java.util.Random-faithful); host Phase4CorpusDump emits the same schema",
  "feature_columns": [
    "size",
    "sortedness_ratio",
    "has_duplicates",
    "distinct_estimate",
    "distinct_ratio",
    "has_key_stats",
    "key_span",
    "counting_feasible",
    "distribution_ord",
    "longest_run",
    "longest_run_ratio",
    "inversions",
    "inversion_ratio",
    "inversions_exact",
    "has_byte_key"
  ],
  "classes": [
    "counting",
    "insertion",
    "intro",
    "jdk.timsort"
  ],
  "n_nodes": 23,
  "nodes": {
    "feature": [
      6,
      11,
      0,
      -1,
      2,
      -1,
      8,
      -1,
      -1,
      4,
      12,
      -1,
      -1,
      3,
      1,
      -1,
      -1,
      -1,
      12,
      13,
      -1,
      -1,
      -1
    ],
    "threshold": [
      1.5,
      119.0,
      9000.0,
      0.0,
      0.5,
      0.0,
      1.5,
      0.0,
      0.0,
      0.017812499776482582,
      0.43689000606536865,
      0.0,
      0.0,
      6.0,
      0.7589055001735687,
      0.0,
      0.0,
      0.0,
      0.011160500347614288,
      0.5,
      0.0,
      0.0,
      0.0
    ],
    "left": [
      1,
      2,
      3,
      -1,
      5,
      -1,
      7,
      -1,
      -1,
      10,
      11,
      -1,
      -1,
      14,
      15,
      -1,
      -1,
      -1,
      19,
      20,
      -1,
      -1,
      -1
    ],
    "right": [
      18,
      9,
      4,
      -1,
      6,
      -1,
      8,
      -1,
      -1,
      13,
      12,
      -1,
      -1,
      17,
      16,
      -1,
      -1,
      -1,
      22,
      21,
      -1,
      -1,
      -1
    ],
    "class": [
      0,
      3,
      1,
      1,
      0,
      3,
      0,
      2,
      0,
      3,
      2,
      2,
      3,
      3,
      2,
      2,
      3,
      3,
      0,
      1,
      0,
      1,
      0
    ],
    "confidence": [
      0.4012345679012346,
      0.5833333333333334,
      0.8909090909090909,
      1.0,
      0.3333333333333333,
      1.0,
      0.5,
      1.0,
      1.0,
      0.824,
      0.8333333333333334,
      1.0,
      1.0,
      0.9801980198019802,
      0.5,
      1.0,
      1.0,
      1.0,
      0.8888888888888888,
      0.8888888888888888,
      1.0,
      1.0,
      1.0
    ]
  }
}